t,q1,qd1,qdd1,q2,qd2,qdd2
0,0,1,1,0,1,10
0.01,0.00999983,0.99995,1.00995,1,1,10
0.02,0.0199987,0.9998,1.0198,2,1,10
0.03,0.0299955,0.99955,1.02955,3,1,10
0.04,0.0399893,0.9992,1.03919,4,1,10
0.05,0.0499792,0.99875,1.04873,5,1,10
0.06,0.059964,0.998201,1.05816,6,1,10
0.07,0.0699428,0.997551,1.06749,7,1,10
0.08,0.0799147,0.996802,1.07672,8,1,10
0.09,0.0898785,0.995953,1.08583,9,1,10
0.1,0.0998334,0.995004,1.09484,10,1,10
0.11,0.109778,0.993956,1.10373,11,1,10
0.12,0.119712,0.992809,1.11252,12,1,10
0.13,0.129634,0.991562,1.1212,13,1,10
0.14,0.139543,0.990216,1.12976,14,1,10
0.15,0.149438,0.988771,1.13821,15,1,10
0.16,0.159318,0.987227,1.14655,16,1,10
0.17,0.169182,0.985585,1.15477,17,1,10
0.18,0.17903,0.983844,1.16287,18,1,10
0.19,0.188859,0.982004,1.17086,19,1,10
0.2,0.198669,0.980067,1.17874,20,1,10
0.21,0.20846,0.978031,1.18649,21,1,10
0.22,0.21823,0.975897,1.19413,22,1,10
0.23,0.227978,0.973666,1.20164,23,1,10
0.24,0.237703,0.971338,1.20904,24,1,10
0.25,0.247404,0.968912,1.21632,25,1,10
0.26,0.257081,0.96639,1.22347,26,1,10
0.27,0.266731,0.963771,1.2305,27,1,10
0.28,0.276356,0.961055,1.23741,28,1,10
0.29,0.285952,0.958244,1.2442,29,1,10
0.3,0.29552,0.955336,1.25086,30,1,10
0.31,0.305059,0.952334,1.25739,31,1,10
0.32,0.314567,0.949235,1.2638,32,1,10
0.33,0.324043,0.946042,1.27009,33,1,10
0.34,0.333487,0.942755,1.27624,34,1,10
0.35,0.342898,0.939373,1.28227,35,1,10
0.36,0.352274,0.935897,1.28817,36,1,10
0.37,0.361615,0.932327,1.29394,37,1,10
0.38,0.37092,0.928665,1.29959,38,1,10
0.39,0.380188,0.924909,1.3051,39,1,10
0.4,0.389418,0.921061,1.31048,40,1,10
0.41,0.398609,0.917121,1.31573,41,1,10
0.42,0.40776,0.913089,1.32085,42,1,10
0.43,0.416871,0.908966,1.32584,43,1,10
0.44,0.425939,0.904752,1.33069,44,1,10
0.45,0.434966,0.900447,1.33541,45,1,10
0.46,0.443948,0.896052,1.34,46,1,10
0.47,0.452886,0.891568,1.34445,47,1,10
0.48,0.461779,0.886995,1.34877,48,1,10
0.49,0.470626,0.882333,1.35296,49,1,10
0.5,0.479426,0.877583,1.35701,50,1,10
0.51,0.488177,0.872745,1.36092,51,1,10
0.52,0.49688,0.867819,1.3647,52,1,10
0.53,0.505533,0.862807,1.36834,53,1,10
0.54,0.514136,0.857709,1.37184,54,1,10
0.55,0.522687,0.852525,1.37521,55,1,10
0.56,0.531186,0.847255,1.37844,56,1,10
0.57,0.539632,0.841901,1.38153,57,1,10
0.58,0.548024,0.836463,1.38449,58,1,10
0.59,0.556361,0.830941,1.3873,59,1,10
0.6,0.564642,0.825336,1.38998,60,1,10
0.61,0.572867,0.819648,1.39252,61,1,10
0.62,0.581035,0.813878,1.39491,62,1,10
0.63,0.589145,0.808028,1.39717,63,1,10
0.64,0.597195,0.802096,1.39929,64,1,10
0.65,0.605186,0.796084,1.40127,65,1,10
0.66,0.613117,0.789992,1.40311,66,1,10
0.67,0.620986,0.783822,1.40481,67,1,10
0.68,0.628793,0.777573,1.40637,68,1,10
0.69,0.636537,0.771246,1.40778,69,1,10
0.7,0.644218,0.764842,1.40906,70,1,10
0.71,0.651834,0.758362,1.4102,71,1,10
0.72,0.659385,0.751806,1.41119,72,1,10
0.73,0.66687,0.745174,1.41204,73,1,10
0.74,0.674288,0.738469,1.41276,74,1,10
0.75,0.681639,0.731689,1.41333,75,1,10
0.76,0.688921,0.724836,1.41376,76,1,10
0.77,0.696135,0.717911,1.41405,77,1,10
0.78,0.703279,0.710914,1.41419,78,1,10
0.79,0.710353,0.703845,1.4142,79,1,10
0.8,0.717356,0.696707,1.41406,80,1,10
0.81,0.724287,0.689498,1.41379,81,1,10
0.82,0.731146,0.682221,1.41337,82,1,10
0.83,0.737931,0.674876,1.41281,83,1,10
0.84,0.744643,0.667463,1.41211,84,1,10
0.85,0.75128,0.659983,1.41126,85,1,10
0.86,0.757843,0.652437,1.41028,86,1,10
0.87,0.764329,0.644827,1.40916,87,1,10
0.88,0.770739,0.637151,1.40789,88,1,10
0.89,0.777072,0.629412,1.40648,89,1,10
0.9,0.783327,0.62161,1.40494,90,1,10
0.91,0.789504,0.613746,1.40325,91,1,10
0.92,0.795602,0.60582,1.40142,92,1,10
0.93,0.80162,0.597834,1.39945,93,1,10
0.94,0.807558,0.589788,1.39735,94,1,10
0.95,0.813416,0.581683,1.3951,95,1,10
0.96,0.819192,0.57352,1.39271,96,1,10
0.97,0.824886,0.5653,1.39019,97,1,10
0.98,0.830497,0.557023,1.38752,98,1,10
0.99,0.836026,0.54869,1.38472,99,1,10
1,0.841471,0.540302,1.38177,100,1,10
1.01,0.846832,0.531861,1.37869,101,1,10
1.02,0.852108,0.523366,1.37547,102,1,10
1.03,0.857299,0.514819,1.37212,103,1,10
1.04,0.862404,0.50622,1.36862,104,1,10
1.05,0.867423,0.497571,1.36499,105,1,10
1.06,0.872355,0.488872,1.36123,106,1,10
1.07,0.877201,0.480124,1.35732,107,1,10
1.08,0.881958,0.471328,1.35329,108,1,10
1.09,0.886627,0.462485,1.34911,109,1,10
1.1,0.891207,0.453596,1.3448,110,1,10
1.11,0.895699,0.444662,1.34036,111,1,10
1.12,0.9001,0.435682,1.33578,112,1,10
1.13,0.904412,0.42666,1.33107,113,1,10
1.14,0.908633,0.417595,1.32623,114,1,10
1.15,0.912764,0.408487,1.32125,115,1,10
1.16,0.916803,0.39934,1.31614,116,1,10
1.17,0.920751,0.390152,1.3109,117,1,10
1.18,0.924606,0.380925,1.30553,118,1,10
1.19,0.928369,0.37166,1.30003,119,1,10
1.2,0.932039,0.362358,1.2944,120,1,10
1.21,0.935616,0.353019,1.28864,121,1,10
1.22,0.939099,0.343646,1.28275,122,1,10
1.23,0.942489,0.334238,1.27673,123,1,10
1.24,0.945784,0.324796,1.27058,124,1,10
1.25,0.948985,0.315322,1.26431,125,1,10
1.26,0.95209,0.305817,1.25791,126,1,10
1.27,0.955101,0.296281,1.25138,127,1,10
1.28,0.958016,0.286715,1.24473,128,1,10
1.29,0.960835,0.277121,1.23796,129,1,10
1.3,0.963558,0.267499,1.23106,130,1,10
1.31,0.966185,0.25785,1.22403,131,1,10
1.32,0.968715,0.248175,1.21689,132,1,10
1.33,0.971148,0.238476,1.20962,133,1,10
1.34,0.973485,0.228753,1.20224,134,1,10
1.35,0.975723,0.219007,1.19473,135,1,10
1.36,0.977865,0.209239,1.1871,136,1,10
1.37,0.979908,0.19945,1.17936,137,1,10
1.38,0.981854,0.189641,1.17149,138,1,10
1.39,0.983701,0.179813,1.16351,139,1,10
1.4,0.98545,0.169967,1.15542,140,1,10
1.41,0.9871,0.160104,1.1472,141,1,10
1.42,0.988652,0.150225,1.13888,142,1,10
1.43,0.990105,0.140332,1.13044,143,1,10
1.44,0.991458,0.130424,1.12188,144,1,10
1.45,0.992713,0.120503,1.11322,145,1,10
1.46,0.993868,0.11057,1.10444,146,1,10
1.47,0.994924,0.100626,1.09555,147,1,10
1.48,0.995881,0.0906716,1.08655,148,1,10
1.49,0.996738,0.0807084,1.07745,149,1,10
1.5,0.997495,0.0707372,1.06823,150,1,10
1.51,0.998152,0.0607589,1.05891,151,1,10
1.52,0.99871,0.0507745,1.04948,152,1,10
1.53,0.999168,0.040785,1.03995,153,1,10
1.54,0.999526,0.0307915,1.03032,154,1,10
1.55,0.999784,0.0207948,1.02058,155,1,10
1.56,0.999942,0.0107961,1.01074,156,1,10
1.57,1,0.000796327,1.0008,157,1,10
1.58,0.999958,-0.00920354,0.990754,158,1,10
1.59,0.999816,-0.0192025,0.980613,159,1,10
1.6,0.999574,-0.0291995,0.970374,160,1,10
1.61,0.999232,-0.0391936,0.960038,161,1,10
1.62,0.99879,-0.0491838,0.949606,162,1,10
1.63,0.998248,-0.0591691,0.939079,163,1,10
1.64,0.997606,-0.0691484,0.928458,164,1,10
1.65,0.996865,-0.0791209,0.917744,165,1,10
1.66,0.996024,-0.0890854,0.906939,166,1,10
1.67,0.995083,-0.099041,0.896042,167,1,10
1.68,0.994043,-0.108987,0.885056,168,1,10
1.69,0.992904,-0.118922,0.873982,169,1,10
1.7,0.991665,-0.128844,0.86282,170,1,10
1.71,0.990327,-0.138755,0.851572,171,1,10
1.72,0.98889,-0.148651,0.840239,172,1,10
1.73,0.987354,-0.158532,0.828822,173,1,10
1.74,0.985719,-0.168397,0.817322,174,1,10
1.75,0.983986,-0.178246,0.80574,175,1,10
1.76,0.982154,-0.188077,0.794077,176,1,10
1.77,0.980224,-0.197889,0.782336,177,1,10
1.78,0.978197,-0.207681,0.770516,178,1,10
1.79,0.976071,-0.217452,0.758619,179,1,10
1.8,0.973848,-0.227202,0.746646,180,1,10
1.81,0.971527,-0.236929,0.734598,181,1,10
1.82,0.969109,-0.246632,0.722477,182,1,10
1.83,0.966594,-0.256311,0.710283,183,1,10
1.84,0.963983,-0.265964,0.698019,184,1,10
1.85,0.961275,-0.27559,0.685685,185,1,10
1.86,0.958471,-0.285189,0.673282,186,1,10
1.87,0.955572,-0.294759,0.660812,187,1,10
1.88,0.952576,-0.3043,0.648276,188,1,10
1.89,0.949486,-0.313811,0.635675,189,1,10
1.9,0.9463,-0.32329,0.623011,190,1,10
1.91,0.94302,-0.332736,0.610284,191,1,10
1.92,0.939645,-0.34215,0.597496,192,1,10
1.93,0.936177,-0.351529,0.584648,193,1,10
1.94,0.932615,-0.360873,0.571742,194,1,10
1.95,0.92896,-0.370181,0.558779,195,1,10
1.96,0.925212,-0.379452,0.54576,196,1,10
1.97,0.921371,-0.388685,0.532686,197,1,10
1.98,0.917438,-0.397879,0.519559,198,1,10
1.99,0.913413,-0.407033,0.50638,199,1,10
2,0.909297,-0.416147,0.493151,200,1,10
2.01,0.905091,-0.425219,0.479872,201,1,10
2.02,0.900793,-0.434248,0.466545,202,1,10
2.03,0.896406,-0.443234,0.453171,203,1,10
2.04,0.891929,-0.452176,0.439752,204,1,10
2.05,0.887362,-0.461073,0.42629,205,1,10
2.06,0.882707,-0.469923,0.412784,206,1,10
2.07,0.877964,-0.478727,0.399238,207,1,10
2.08,0.873133,-0.487482,0.385651,208,1,10
2.09,0.868215,-0.496189,0.372026,209,1,10
2.1,0.863209,-0.504846,0.358363,210,1,10
2.11,0.858118,-0.513453,0.344665,211,1,10
2.12,0.85294,-0.522008,0.330932,212,1,10
2.13,0.847678,-0.530511,0.317167,213,1,10
2.14,0.84233,-0.538961,0.303369,214,1,10
2.15,0.836899,-0.547358,0.289541,215,1,10
2.16,0.831383,-0.555699,0.275684,216,1,10
2.17,0.825785,-0.563985,0.2618,217,1,10
2.18,0.820104,-0.572215,0.247889,218,1,10
2.19,0.814341,-0.580387,0.233954,219,1,10
2.2,0.808496,-0.588501,0.219995,220,1,10
2.21,0.802571,-0.596557,0.206015,221,1,10
2.22,0.796565,-0.604552,0.192013,222,1,10
2.23,0.79048,-0.612488,0.177993,223,1,10
2.24,0.784316,-0.620362,0.163954,224,1,10
2.25,0.778073,-0.628174,0.1499,225,1,10
2.26,0.771753,-0.635923,0.13583,226,1,10
2.27,0.765355,-0.643608,0.121747,227,1,10
2.28,0.758881,-0.65123,0.107651,228,1,10
2.29,0.752331,-0.658786,0.0935448,229,1,10
2.3,0.745705,-0.666276,0.0794292,230,1,10
2.31,0.739005,-0.6737,0.0653056,231,1,10
2.32,0.732231,-0.681056,0.0511756,232,1,10
2.33,0.725384,-0.688344,0.0370404,233,1,10
2.34,0.718465,-0.695563,0.0229015,234,1,10
2.35,0.711473,-0.702713,0.00876028,235,1,10
2.36,0.704411,-0.709793,-0.00538179,236,1,10
2.37,0.697278,-0.716801,-0.0195233,237,1,10
2.38,0.690075,-0.723738,-0.0336629,238,1,10
2.39,0.682803,-0.730602,-0.0477991,239,1,10
2.4,0.675463,-0.737394,-0.0619305,240,1,10
2.41,0.668056,-0.744111,-0.0760558,241,1,10
2.42,0.660581,-0.750755,-0.0901734,242,1,10
2.43,0.653041,-0.757323,-0.104282,243,1,10
2.44,0.645435,-0.763815,-0.11838,244,1,10
2.45,0.637765,-0.770231,-0.132467,245,1,10
2.46,0.630031,-0.77657,-0.14654,246,1,10
2.47,0.622234,-0.782832,-0.160598,247,1,10
2.48,0.614374,-0.789015,-0.17464,248,1,10
2.49,0.606454,-0.795119,-0.188665,249,1,10
2.5,0.598472,-0.801144,-0.202671,250,1,10
2.51,0.590431,-0.807088,-0.216657,251,1,10
2.52,0.582331,-0.812952,-0.230621,252,1,10
2.53,0.574172,-0.818735,-0.244562,253,1,10
2.54,0.565956,-0.824435,-0.258479,254,1,10
2.55,0.557684,-0.830054,-0.27237,255,1,10
2.56,0.549355,-0.835589,-0.286233,256,1,10
2.57,0.540972,-0.84104,-0.300068,257,1,10
2.58,0.532535,-0.846408,-0.313873,258,1,10
2.59,0.524044,-0.851691,-0.327647,259,1,10
2.6,0.515501,-0.856889,-0.341387,260,1,10
2.61,0.506907,-0.862001,-0.355094,261,1,10
2.62,0.498262,-0.867027,-0.368765,262,1,10
2.63,0.489567,-0.871966,-0.382399,263,1,10
2.64,0.480823,-0.876818,-0.395995,264,1,10
2.65,0.472031,-0.881582,-0.409552,265,1,10
2.66,0.463191,-0.886258,-0.423067,266,1,10
2.67,0.454306,-0.890846,-0.43654,267,1,10
2.68,0.445375,-0.895344,-0.44997,268,1,10
2.69,0.436399,-0.899753,-0.463354,269,1,10
2.7,0.42738,-0.904072,-0.476692,270,1,10
2.71,0.418318,-0.908301,-0.489983,271,1,10
2.72,0.409214,-0.912438,-0.503224,272,1,10
2.73,0.400069,-0.916485,-0.516415,273,1,10
2.74,0.390885,-0.92044,-0.529555,274,1,10
2.75,0.381661,-0.924302,-0.542641,275,1,10
2.76,0.372399,-0.928073,-0.555674,276,1,10
2.77,0.3631,-0.93175,-0.56865,277,1,10
2.78,0.353764,-0.935335,-0.58157,278,1,10
2.79,0.344393,-0.938825,-0.594432,279,1,10
2.8,0.334988,-0.942222,-0.607234,280,1,10
2.81,0.325549,-0.945525,-0.619976,281,1,10
2.82,0.316078,-0.948733,-0.632655,282,1,10
2.83,0.306575,-0.951847,-0.645272,283,1,10
2.84,0.297041,-0.954865,-0.657823,284,1,10
2.85,0.287478,-0.957787,-0.670309,285,1,10
2.86,0.277886,-0.960614,-0.682728,286,1,10
2.87,0.268266,-0.963345,-0.695079,287,1,10
2.88,0.258619,-0.965979,-0.70736,288,1,10
2.89,0.248947,-0.968517,-0.71957,289,1,10
2.9,0.239249,-0.970958,-0.731709,290,1,10
2.91,0.229528,-0.973302,-0.743774,291,1,10
2.92,0.219784,-0.975549,-0.755765,292,1,10
2.93,0.210017,-0.977698,-0.76768,293,1,10
2.94,0.20023,-0.979749,-0.779519,294,1,10
2.95,0.190423,-0.981702,-0.79128,295,1,10
2.96,0.180596,-0.983557,-0.802961,296,1,10
2.97,0.170752,-0.985314,-0.814562,297,1,10
2.98,0.16089,-0.986972,-0.826082,298,1,10
2.99,0.151013,-0.988532,-0.837519,299,1,10
3,0.14112,-0.989992,-0.848872,300,1,10
3.01,0.131213,-0.991354,-0.860141,301,1,10
3.02,0.121293,-0.992617,-0.871323,302,1,10
3.03,0.111361,-0.99378,-0.882419,303,1,10
3.04,0.101418,-0.994844,-0.893426,304,1,10
3.05,0.0914646,-0.995808,-0.904344,305,1,10
3.06,0.0815022,-0.996673,-0.915171,306,1,10
3.07,0.0715315,-0.997438,-0.925907,307,1,10
3.08,0.0615537,-0.998104,-0.93655,308,1,10
3.09,0.0515698,-0.998669,-0.9471,309,1,10
3.1,0.0415807,-0.999135,-0.957554,310,1,10
3.11,0.0315874,-0.999501,-0.967914,311,1,10
3.12,0.021591,-0.999767,-0.978176,312,1,10
3.13,0.0115924,-0.999933,-0.98834,313,1,10
3.14,0.00159265,-0.999999,-0.998406,314,1,10
3.15,-0.00840725,-0.999965,-1.00837,315,1,10
3.16,-0.0184063,-0.999831,-1.01824,316,1,10
3.17,-0.0284035,-0.999597,-1.028,317,1,10
3.18,-0.0383979,-0.999263,-1.03766,318,1,10
3.19,-0.0483884,-0.998829,-1.04722,319,1,10
3.2,-0.0583741,-0.998295,-1.05667,320,1,10
3.21,-0.068354,-0.997661,-1.06602,321,1,10
3.22,-0.078327,-0.996928,-1.07525,322,1,10
3.23,-0.0882922,-0.996095,-1.08439,323,1,10
3.24,-0.0982486,-0.995162,-1.09341,324,1,10
3.25,-0.108195,-0.99413,-1.10232,325,1,10
3.26,-0.118131,-0.992998,-1.11113,326,1,10
3.27,-0.128055,-0.991767,-1.11982,327,1,10
3.28,-0.137966,-0.990437,-1.1284,328,1,10
3.29,-0.147863,-0.989008,-1.13687,329,1,10
3.3,-0.157746,-0.98748,-1.14523,330,1,10
3.31,-0.167612,-0.985853,-1.15347,331,1,10
3.32,-0.177462,-0.984128,-1.16159,332,1,10
3.33,-0.187295,-0.982304,-1.1696,333,1,10
3.34,-0.197108,-0.980382,-1.17749,334,1,10
3.35,-0.206902,-0.978362,-1.18526,335,1,10
3.36,-0.216675,-0.976244,-1.19292,336,1,10
3.37,-0.226427,-0.974028,-1.20045,337,1,10
3.38,-0.236155,-0.971715,-1.20787,338,1,10
3.39,-0.245861,-0.969305,-1.21517,339,1,10
3.4,-0.255541,-0.966798,-1.22234,340,1,10
3.41,-0.265196,-0.964194,-1.22939,341,1,10
3.42,-0.274825,-0.961494,-1.23632,342,1,10
3.43,-0.284426,-0.958698,-1.24312,343,1,10
3.44,-0.293998,-0.955806,-1.2498,344,1,10
3.45,-0.303542,-0.952818,-1.25636,345,1,10
3.46,-0.313054,-0.949735,-1.26279,346,1,10
3.47,-0.322536,-0.946557,-1.26909,347,1,10
3.48,-0.331985,-0.943285,-1.27527,348,1,10
3.49,-0.341401,-0.939918,-1.28132,349,1,10
3.5,-0.350783,-0.936457,-1.28724,350,1,10
3.51,-0.36013,-0.932902,-1.29303,351,1,10
3.52,-0.369441,-0.929254,-1.2987,352,1,10
3.53,-0.378715,-0.925513,-1.30423,353,1,10
3.54,-0.387951,-0.92168,-1.30963,354,1,10
3.55,-0.397148,-0.917755,-1.3149,355,1,10
3.56,-0.406306,-0.913737,-1.32004,356,1,10
3.57,-0.415423,-0.909629,-1.32505,357,1,10
3.58,-0.424498,-0.905429,-1.32993,358,1,10
3.59,-0.433531,-0.901139,-1.33467,359,1,10
3.6,-0.44252,-0.896758,-1.33928,360,1,10
3.61,-0.451466,-0.892288,-1.34375,361,1,10
3.62,-0.460366,-0.887729,-1.3481,362,1,10
3.63,-0.46922,-0.883081,-1.3523,363,1,10
3.64,-0.478027,-0.878345,-1.35637,364,1,10
3.65,-0.486787,-0.873521,-1.36031,365,1,10
3.66,-0.495497,-0.868609,-1.36411,366,1,10
3.67,-0.504159,-0.863611,-1.36777,367,1,10
3.68,-0.512769,-0.858526,-1.3713,368,1,10
3.69,-0.521329,-0.853356,-1.37468,369,1,10
3.7,-0.529836,-0.8481,-1.37794,370,1,10
3.71,-0.538291,-0.842759,-1.38105,371,1,10
3.72,-0.546691,-0.837334,-1.38403,372,1,10
3.73,-0.555037,-0.831826,-1.38686,373,1,10
3.74,-0.563327,-0.826234,-1.38956,374,1,10
3.75,-0.571561,-0.820559,-1.39212,375,1,10
3.76,-0.579738,-0.814803,-1.39454,376,1,10
3.77,-0.587857,-0.808965,-1.39682,377,1,10
3.78,-0.595917,-0.803046,-1.39896,378,1,10
3.79,-0.603918,-0.797047,-1.40096,379,1,10
3.8,-0.611858,-0.790968,-1.40283,380,1,10
3.81,-0.619737,-0.78481,-1.40455,381,1,10
3.82,-0.627554,-0.778573,-1.40613,382,1,10
3.83,-0.635308,-0.772259,-1.40757,383,1,10
3.84,-0.642999,-0.765867,-1.40887,384,1,10
3.85,-0.650625,-0.759399,-1.41002,385,1,10
3.86,-0.658186,-0.752855,-1.41104,386,1,10
3.87,-0.665682,-0.746236,-1.41192,387,1,10
3.88,-0.673111,-0.739542,-1.41265,388,1,10
3.89,-0.680473,-0.732774,-1.41325,389,1,10
3.9,-0.687766,-0.725932,-1.4137,390,1,10
3.91,-0.694991,-0.719018,-1.41401,391,1,10
3.92,-0.702146,-0.712033,-1.41418,392,1,10
3.93,-0.709231,-0.704976,-1.41421,393,1,10
3.94,-0.716246,-0.697848,-1.41409,394,1,10
3.95,-0.723188,-0.690651,-1.41384,395,1,10
3.96,-0.730058,-0.683385,-1.41344,396,1,10
3.97,-0.736856,-0.67605,-1.41291,397,1,10
3.98,-0.743579,-0.668648,-1.41223,398,1,10
3.99,-0.750228,-0.661179,-1.41141,399,1,10
4,-0.756802,-0.653644,-1.41045,400,1,10
4.01,-0.763301,-0.646043,-1.40934,401,1,10
4.02,-0.769723,-0.638378,-1.4081,402,1,10
4.03,-0.776068,-0.630649,-1.40672,403,1,10
4.04,-0.782336,-0.622857,-1.40519,404,1,10
4.05,-0.788525,-0.615002,-1.40353,405,1,10
4.06,-0.794636,-0.607087,-1.40172,406,1,10
4.07,-0.800667,-0.59911,-1.39978,407,1,10
4.08,-0.806618,-0.591073,-1.39769,408,1,10
4.09,-0.812488,-0.582978,-1.39547,409,1,10
4.1,-0.818277,-0.574824,-1.3931,410,1,10
4.11,-0.823984,-0.566613,-1.3906,411,1,10
4.12,-0.829609,-0.558345,-1.38795,412,1,10
4.13,-0.835151,-0.550021,-1.38517,413,1,10
4.14,-0.840609,-0.541642,-1.38225,414,1,10
4.15,-0.845984,-0.533209,-1.37919,415,1,10
4.16,-0.851273,-0.524722,-1.376,416,1,10
4.17,-0.856478,-0.516184,-1.37266,417,1,10
4.18,-0.861597,-0.507593,-1.36919,418,1,10
4.19,-0.86663,-0.498952,-1.36558,419,1,10
4.2,-0.871576,-0.490261,-1.36184,420,1,10
4.21,-0.876435,-0.481521,-1.35796,421,1,10
4.22,-0.881206,-0.472732,-1.35394,422,1,10
4.23,-0.885889,-0.463897,-1.34979,423,1,10
4.24,-0.890484,-0.455015,-1.3455,424,1,10
4.25,-0.894989,-0.446087,-1.34108,425,1,10
4.26,-0.899405,-0.437115,-1.33652,426,1,10
4.27,-0.903732,-0.4281,-1.33183,427,1,10
4.28,-0.907967,-0.419041,-1.32701,428,1,10
4.29,-0.912112,-0.409941,-1.32205,429,1,10
4.3,-0.916166,-0.400799,-1.31697,430,1,10
4.31,-0.920128,-0.391618,-1.31175,431,1,10
4.32,-0.923998,-0.382397,-1.3064,432,1,10
4.33,-0.927776,-0.373138,-1.30091,433,1,10
4.34,-0.931461,-0.363842,-1.2953,434,1,10
4.35,-0.935053,-0.354509,-1.28956,435,1,10
4.36,-0.938551,-0.345141,-1.28369,436,1,10
4.37,-0.941955,-0.335738,-1.27769,437,1,10
4.38,-0.945266,-0.326302,-1.27157,438,1,10
4.39,-0.948481,-0.316833,-1.26531,439,1,10
4.4,-0.951602,-0.307333,-1.25893,440,1,10
4.41,-0.954628,-0.297802,-1.25243,441,1,10
4.42,-0.957558,-0.288241,-1.2458,442,1,10
4.43,-0.960392,-0.278651,-1.23904,443,1,10
4.44,-0.963131,-0.269033,-1.23216,444,1,10
4.45,-0.965773,-0.259389,-1.22516,445,1,10
4.46,-0.968319,-0.249718,-1.21804,446,1,10
4.47,-0.970767,-0.240022,-1.21079,447,1,10
4.48,-0.973119,-0.230303,-1.20342,448,1,10
4.49,-0.975373,-0.22056,-1.19593,449,1,10
4.5,-0.97753,-0.210796,-1.18833,450,1,10
4.51,-0.979589,-0.20101,-1.1806,451,1,10
4.52,-0.98155,-0.191204,-1.17275,452,1,10
4.53,-0.983413,-0.181379,-1.16479,453,1,10
4.54,-0.985178,-0.171536,-1.15671,454,1,10
4.55,-0.986844,-0.161676,-1.14852,455,1,10
4.56,-0.988411,-0.1518,-1.14021,456,1,10
4.57,-0.98988,-0.141908,-1.13179,457,1,10
4.58,-0.991249,-0.132003,-1.12325,458,1,10
4.59,-0.99252,-0.122084,-1.1146,459,1,10
4.6,-0.993691,-0.112153,-1.10584,460,1,10
4.61,-0.994763,-0.10221,-1.09697,461,1,10
4.62,-0.995735,-0.0922576,-1.08799,462,1,10
4.63,-0.996608,-0.0822958,-1.0789,463,1,10
4.64,-0.997381,-0.0723258,-1.06971,464,1,10
4.65,-0.998054,-0.0623485,-1.0604,465,1,10
4.66,-0.998628,-0.052365,-1.05099,466,1,10
4.67,-0.999102,-0.0423763,-1.04148,467,1,10
4.68,-0.999476,-0.0323833,-1.03186,468,1,10
4.69,-0.999749,-0.0223871,-1.02214,469,1,10
4.7,-0.999923,-0.0123887,-1.01231,470,1,10
4.71,-0.999997,-0.00238898,-1.00239,471,1,10
4.72,-0.999971,0.00761095,-0.99236,472,1,10
4.73,-0.999845,0.0176101,-0.982235,473,1,10
4.74,-0.999619,0.0276075,-0.972011,474,1,10
4.75,-0.999293,0.0376022,-0.961691,475,1,10
4.76,-0.998867,0.047593,-0.951274,476,1,10
4.77,-0.998341,0.0575792,-0.940762,477,1,10
4.78,-0.997715,0.0675595,-0.930156,478,1,10
4.79,-0.99699,0.0775331,-0.919457,479,1,10
4.8,-0.996165,0.087499,-0.908666,480,1,10
4.81,-0.99524,0.0974561,-0.897784,481,1,10
4.82,-0.994216,0.107403,-0.886812,482,1,10
4.83,-0.993092,0.11734,-0.875752,483,1,10
4.84,-0.991869,0.127265,-0.864604,484,1,10
4.85,-0.990547,0.137177,-0.853369,485,1,10
4.86,-0.989125,0.147076,-0.84205,486,1,10
4.87,-0.987605,0.156959,-0.830646,487,1,10
4.88,-0.985986,0.166827,-0.819159,488,1,10
4.89,-0.984269,0.176679,-0.80759,489,1,10
4.9,-0.982453,0.186512,-0.79594,490,1,10
4.91,-0.980538,0.196327,-0.784211,491,1,10
4.92,-0.978526,0.206123,-0.772403,492,1,10
4.93,-0.976416,0.215898,-0.760518,493,1,10
4.94,-0.974208,0.225651,-0.748557,494,1,10
4.95,-0.971903,0.235381,-0.736522,495,1,10
4.96,-0.969501,0.245089,-0.724412,496,1,10
4.97,-0.967001,0.254771,-0.71223,497,1,10
4.98,-0.964405,0.264428,-0.699977,498,1,10
4.99,-0.961713,0.274059,-0.687654,499,1,10
5,-0.958924,0.283662,-0.675262,500,1,10
5.01,-0.95604,0.293237,-0.662803,501,1,10
5.02,-0.95306,0.302783,-0.650277,502,1,10
5.03,-0.949984,0.312298,-0.637686,503,1,10
5.04,-0.946814,0.321782,-0.625032,504,1,10
5.05,-0.943549,0.331234,-0.612315,505,1,10
5.06,-0.940189,0.340653,-0.599537,506,1,10
5.07,-0.936736,0.350037,-0.586698,507,1,10
5.08,-0.933189,0.359387,-0.573801,508,1,10
5.09,-0.929548,0.368701,-0.560847,509,1,10
5.1,-0.925815,0.377978,-0.547837,510,1,10
5.11,-0.921989,0.387217,-0.534772,511,1,10
5.12,-0.91807,0.396417,-0.521653,512,1,10
5.13,-0.91406,0.405578,-0.508483,513,1,10
5.14,-0.909959,0.414698,-0.495261,514,1,10
5.15,-0.905767,0.423777,-0.48199,515,1,10
5.16,-0.901484,0.432813,-0.468671,516,1,10
5.17,-0.897111,0.441806,-0.455304,517,1,10
5.18,-0.892648,0.450755,-0.441893,518,1,10
5.19,-0.888096,0.459659,-0.428437,519,1,10
5.2,-0.883455,0.468517,-0.414938,520,1,10
5.21,-0.878725,0.477328,-0.401398,521,1,10
5.22,-0.873908,0.486091,-0.387817,522,1,10
5.23,-0.869004,0.494806,-0.374198,523,1,10
5.24,-0.864012,0.503471,-0.360542,524,1,10
5.25,-0.858934,0.512085,-0.346849,525,1,10
5.26,-0.853771,0.520649,-0.333122,526,1,10
5.27,-0.848522,0.529161,-0.319361,527,1,10
5.28,-0.843188,0.537619,-0.305569,528,1,10
5.29,-0.837769,0.546024,-0.291745,529,1,10
5.3,-0.832267,0.554374,-0.277893,530,1,10
5.31,-0.826682,0.562669,-0.264013,531,1,10
5.32,-0.821014,0.570908,-0.250107,532,1,10
5.33,-0.815264,0.579089,-0.236175,533,1,10
5.34,-0.809433,0.587213,-0.22222,534,1,10
5.35,-0.80352,0.595278,-0.208243,535,1,10
5.36,-0.797527,0.603283,-0.194244,536,1,10
5.37,-0.791455,0.611228,-0.180227,537,1,10
5.38,-0.785303,0.619112,-0.166191,538,1,10
5.39,-0.779073,0.626934,-0.152139,539,1,10
5.4,-0.772764,0.634693,-0.138072,540,1,10
5.41,-0.766379,0.642389,-0.12399,541,1,10
5.42,-0.759917,0.65002,-0.109897,542,1,10
5.43,-0.753379,0.657587,-0.0957921,543,1,10
5.44,-0.746765,0.665088,-0.0816779,544,1,10
5.45,-0.740077,0.672522,-0.0675555,545,1,10
5.46,-0.733315,0.679889,-0.0534264,546,1,10
5.47,-0.72648,0.687188,-0.0392919,547,1,10
5.48,-0.719572,0.694418,-0.0251535,548,1,10
5.49,-0.712592,0.701579,-0.0110126,549,1,10
5.5,-0.70554,0.70867,0.00312945,550,1,10
5.51,-0.698418,0.71569,0.0172712,551,1,10
5.52,-0.691227,0.722638,0.0314111,552,1,10
5.53,-0.683966,0.729514,0.045548,553,1,10
5.54,-0.676637,0.736317,0.0596803,554,1,10
5.55,-0.66924,0.743046,0.0738066,555,1,10
5.56,-0.661776,0.749702,0.0879255,556,1,10
5.57,-0.654246,0.756282,0.102036,557,1,10
5.58,-0.646651,0.762786,0.116136,558,1,10
5.59,-0.638991,0.769215,0.130224,559,1,10
5.6,-0.631267,0.775566,0.144299,560,1,10
5.61,-0.62348,0.78184,0.15836,561,1,10
5.62,-0.61563,0.788035,0.172405,562,1,10
5.63,-0.607719,0.794152,0.186433,563,1,10
5.64,-0.599747,0.800189,0.200442,564,1,10
5.65,-0.591716,0.806147,0.214431,565,1,10
5.66,-0.583625,0.812024,0.228399,566,1,10
5.67,-0.575475,0.817819,0.242344,567,1,10
5.68,-0.567269,0.823533,0.256264,568,1,10
5.69,-0.559005,0.829164,0.270159,569,1,10
5.7,-0.550686,0.834713,0.284027,570,1,10
5.71,-0.542311,0.840178,0.297867,571,1,10
5.72,-0.533882,0.845559,0.311677,572,1,10
5.73,-0.5254,0.850855,0.325455,573,1,10
5.74,-0.516865,0.856067,0.339201,574,1,10
5.75,-0.508279,0.861192,0.352913,575,1,10
5.76,-0.499642,0.866232,0.36659,576,1,10
5.77,-0.490955,0.871185,0.38023,577,1,10
5.78,-0.482218,0.876051,0.393833,578,1,10
5.79,-0.473434,0.880829,0.407395,579,1,10
5.8,-0.464602,0.88552,0.420917,580,1,10
5.81,-0.455724,0.890121,0.434397,581,1,10
5.82,-0.4468,0.894634,0.447834,582,1,10
5.83,-0.437832,0.899057,0.461226,583,1,10
5.84,-0.428819,0.90339,0.474571,584,1,10
5.85,-0.419764,0.907633,0.487869,585,1,10
5.86,-0.410667,0.911785,0.501119,586,1,10
5.87,-0.401529,0.915846,0.514318,587,1,10
5.88,-0.39235,0.919816,0.527466,588,1,10
5.89,-0.383133,0.923693,0.540561,589,1,10
5.9,-0.373877,0.927478,0.553602,590,1,10
5.91,-0.364583,0.931171,0.566587,591,1,10
5.92,-0.355254,0.93477,0.579516,592,1,10
5.93,-0.345888,0.938276,0.592387,593,1,10
5.94,-0.336488,0.941688,0.605199,594,1,10
5.95,-0.327055,0.945005,0.617951,595,1,10
5.96,-0.317589,0.948229,0.63064,596,1,10
5.97,-0.308091,0.951357,0.643266,597,1,10
5.98,-0.298562,0.95439,0.655829,598,1,10
5.99,-0.289003,0.957328,0.668325,599,1,10
6,-0.279415,0.96017,0.680755,600,1,10
6.01,-0.2698,0.962916,0.693116,601,1,10
6.02,-0.260157,0.965566,0.705409,602,1,10
6.03,-0.250489,0.968119,0.71763,603,1,10
6.04,-0.240795,0.970576,0.72978,604,1,10
6.05,-0.231078,0.972935,0.741857,605,1,10
6.06,-0.221337,0.975197,0.75386,606,1,10
6.07,-0.211574,0.977362,0.765788,607,1,10
6.08,-0.20179,0.979429,0.777639,608,1,10
6.09,-0.191986,0.981398,0.789412,609,1,10
6.1,-0.182163,0.983268,0.801106,610,1,10
6.11,-0.172321,0.985041,0.81272,611,1,10
6.12,-0.162462,0.986715,0.824253,612,1,10
6.13,-0.152587,0.98829,0.835703,613,1,10
6.14,-0.142697,0.989766,0.84707,614,1,10
6.15,-0.132792,0.991144,0.858352,615,1,10
6.16,-0.122874,0.992422,0.869548,616,1,10
6.17,-0.112944,0.993601,0.880658,617,1,10
6.18,-0.103002,0.994681,0.891679,618,1,10
6.19,-0.0930505,0.995661,0.902611,619,1,10
6.2,-0.0830894,0.996542,0.913453,620,1,10
6.21,-0.07312,0.997323,0.924203,621,1,10
6.22,-0.0631433,0.998004,0.934861,622,1,10
6.23,-0.0531602,0.998586,0.945426,623,1,10
6.24,-0.0431719,0.999068,0.955896,624,1,10
6.25,-0.0331792,0.999449,0.96627,625,1,10
6.26,-0.0231832,0.999731,0.976548,626,1,10
6.27,-0.0131849,0.999913,0.986728,627,1,10
6.28,-0.0031853,0.999995,0.99681,628,1,10
6.29,0.00681464,0.999977,1.00679,629,1,10
6.3,0.0168139,0.999859,1.01667,630,1,10
6.31,0.0268115,0.999641,1.02645,631,1,10
6.32,0.0368064,0.999322,1.03613,632,1,10
6.33,0.0467976,0.998904,1.0457,633,1,10
6.34,0.0567841,0.998386,1.05517,634,1,10
6.35,0.066765,0.997769,1.06453,635,1,10
6.36,0.0767392,0.997051,1.07379,636,1,10
6.37,0.0867057,0.996234,1.08294,637,1,10
6.38,0.0966635,0.995317,1.09198,638,1,10
6.39,0.106612,0.994301,1.10091,639,1,10
6.4,0.116549,0.993185,1.10973,640,1,10
6.41,0.126475,0.99197,1.11844,641,1,10
6.42,0.136388,0.990655,1.12704,642,1,10
6.43,0.146288,0.989242,1.13553,643,1,10
6.44,0.156173,0.98773,1.1439,644,1,10
6.45,0.166042,0.986119,1.15216,645,1,10
6.46,0.175895,0.984409,1.1603,646,1,10
6.47,0.18573,0.982601,1.16833,647,1,10
6.48,0.195547,0.980694,1.17624,648,1,10
6.49,0.205344,0.97869,1.18403,649,1,10
6.5,0.21512,0.976588,1.19171,650,1,10
6.51,0.224875,0.974388,1.19926,651,1,10
6.52,0.234607,0.97209,1.2067,652,1,10
6.53,0.244316,0.969696,1.21401,653,1,10
6.54,0.254001,0.967204,1.2212,654,1,10
6.55,0.26366,0.964616,1.22828,655,1,10
6.56,0.273293,0.961931,1.23522,656,1,10
6.57,0.282898,0.95915,1.24205,657,1,10
6.58,0.292476,0.956273,1.24875,658,1,10
6.59,0.302024,0.9533,1.25532,659,1,10
6.6,0.311541,0.950233,1.26177,660,1,10
6.61,0.321028,0.94707,1.2681,661,1,10
6.62,0.330482,0.943812,1.27429,662,1,10
6.63,0.339904,0.94046,1.28036,663,1,10
6.64,0.349291,0.937014,1.28631,664,1,10
6.65,0.358644,0.933474,1.29212,665,1,10
6.66,0.367961,0.929841,1.2978,666,1,10
6.67,0.37724,0.926115,1.30336,667,1,10
6.68,0.386483,0.922297,1.30878,668,1,10
6.69,0.395686,0.918386,1.31407,669,1,10
6.7,0.40485,0.914383,1.31923,670,1,10
6.71,0.413973,0.910289,1.32426,671,1,10
6.72,0.423055,0.906104,1.32916,672,1,10
6.73,0.432095,0.901828,1.33392,673,1,10
6.74,0.441092,0.897462,1.33855,674,1,10
6.75,0.450044,0.893006,1.34305,675,1,10
6.76,0.458951,0.888461,1.34741,676,1,10
6.77,0.467813,0.883827,1.35164,677,1,10
6.78,0.476628,0.879105,1.35573,678,1,10
6.79,0.485395,0.874295,1.35969,679,1,10
6.8,0.494113,0.869397,1.36351,680,1,10
6.81,0.502782,0.864413,1.3672,681,1,10
6.82,0.511401,0.859342,1.37074,682,1,10
6.83,0.519969,0.854185,1.37415,683,1,10
6.84,0.528485,0.848943,1.37743,684,1,10
6.85,0.536948,0.843616,1.38056,685,1,10
6.86,0.545357,0.838204,1.38356,686,1,10
6.87,0.553711,0.832709,1.38642,687,1,10
6.88,0.562011,0.82713,1.38914,688,1,10
6.89,0.570254,0.821469,1.39172,689,1,10
6.9,0.57844,0.815725,1.39416,690,1,10
6.91,0.586568,0.8099,1.39647,691,1,10
6.92,0.594637,0.803994,1.39863,692,1,10
6.93,0.602648,0.798007,1.40066,693,1,10
6.94,0.610597,0.791941,1.40254,694,1,10
6.95,0.618486,0.785796,1.40428,695,1,10
6.96,0.626313,0.779572,1.40588,696,1,10
6.97,0.634077,0.77327,1.40735,697,1,10
6.98,0.641778,0.76689,1.40867,698,1,10
6.99,0.649415,0.760434,1.40985,699,1,10
7,0.656987,0.753902,1.41089,700,1,10
7.01,0.664493,0.747295,1.41179,701,1,10
7.02,0.671932,0.740613,1.41254,702,1,10
7.03,0.679305,0.733856,1.41316,703,1,10
7.04,0.686609,0.727027,1.41364,704,1,10
7.05,0.693845,0.720124,1.41397,705,1,10
7.06,0.701011,0.71315,1.41416,706,1,10
7.07,0.708108,0.706104,1.41421,707,1,10
7.08,0.715133,0.698988,1.41412,708,1,10
7.09,0.722087,0.691802,1.41389,709,1,10
7.1,0.728969,0.684547,1.41352,710,1,10
7.11,0.735778,0.677223,1.413,711,1,10
7.12,0.742513,0.669831,1.41234,712,1,10
7.13,0.749174,0.662373,1.41155,713,1,10
7.14,0.755761,0.654848,1.41061,714,1,10
7.15,0.762271,0.647258,1.40953,715,1,10
7.16,0.768705,0.639603,1.40831,716,1,10
7.17,0.775063,0.631884,1.40695,717,1,10
7.18,0.781343,0.624102,1.40544,718,1,10
7.19,0.787545,0.616257,1.4038,719,1,10
7.2,0.793668,0.608351,1.40202,720,1,10
7.21,0.799712,0.600384,1.4001,721,1,10
7.22,0.805675,0.592357,1.39803,722,1,10
7.23,0.811559,0.584271,1.39583,723,1,10
7.24,0.817361,0.576126,1.39349,724,1,10
7.25,0.823081,0.567924,1.39101,725,1,10
7.26,0.828719,0.559665,1.38838,726,1,10
7.27,0.834274,0.55135,1.38562,727,1,10
7.28,0.839746,0.54298,1.38273,728,1,10
7.29,0.845133,0.534555,1.37969,729,1,10
7.3,0.850437,0.526078,1.37651,730,1,10
7.31,0.855655,0.517547,1.3732,731,1,10
7.32,0.860787,0.508965,1.36975,732,1,10
7.33,0.865834,0.500332,1.36617,733,1,10
7.34,0.870794,0.491648,1.36244,734,1,10
7.35,0.875667,0.482916,1.35858,735,1,10
7.36,0.880452,0.474135,1.35459,736,1,10
7.37,0.885149,0.465307,1.35046,737,1,10
7.38,0.889758,0.456433,1.34619,738,1,10
7.39,0.894278,0.447512,1.34179,739,1,10
7.4,0.898708,0.438547,1.33726,740,1,10
7.41,0.903049,0.429538,1.33259,741,1,10
7.42,0.907299,0.420487,1.32779,742,1,10
7.43,0.911458,0.411393,1.32285,743,1,10
7.44,0.915526,0.402258,1.31778,744,1,10
7.45,0.919503,0.393083,1.31259,745,1,10
7.46,0.923388,0.383868,1.30726,746,1,10
7.47,0.92718,0.374615,1.3018,747,1,10
7.48,0.93088,0.365325,1.2962,748,1,10
7.49,0.934487,0.355998,1.29048,749,1,10
7.5,0.938,0.346635,1.28464,750,1,10
7.51,0.941419,0.337238,1.27866,751,1,10
7.52,0.944745,0.327807,1.27255,752,1,10
7.53,0.947975,0.318344,1.26632,753,1,10
7.54,0.951111,0.308848,1.25996,754,1,10
7.55,0.954152,0.299322,1.25347,755,1,10
7.56,0.957098,0.289765,1.24686,756,1,10
7.57,0.959947,0.28018,1.24013,757,1,10
7.58,0.962701,0.270567,1.23327,758,1,10
7.59,0.965359,0.260926,1.22629,759,1,10
7.6,0.96792,0.25126,1.21918,760,1,10
7.61,0.970384,0.241568,1.21195,761,1,10
7.62,0.972751,0.231852,1.2046,762,1,10
7.63,0.975021,0.222114,1.19713,763,1,10
7.64,0.977193,0.212352,1.18955,764,1,10
7.65,0.979268,0.20257,1.18184,765,1,10
7.66,0.981244,0.192767,1.17401,766,1,10
7.67,0.983123,0.182945,1.16607,767,1,10
7.68,0.984903,0.173105,1.15801,768,1,10
7.69,0.986585,0.163248,1.14983,769,1,10
7.7,0.988168,0.153374,1.14154,770,1,10
7.71,0.989653,0.143485,1.13314,771,1,10
7.72,0.991038,0.133581,1.12462,772,1,10
7.73,0.992324,0.123664,1.11599,773,1,10
7.74,0.993511,0.113735,1.10725,774,1,10
7.75,0.994599,0.103794,1.09839,775,1,10
7.76,0.995587,0.0938433,1.08943,776,1,10
7.77,0.996476,0.0838829,1.08036,777,1,10
7.78,0.997265,0.0739142,1.07118,778,1,10
7.79,0.997954,0.063938,1.06189,779,1,10
7.8,0.998543,0.0539554,1.0525,780,1,10
7.81,0.999033,0.0439675,1.043,781,1,10
7.82,0.999423,0.0339751,1.0334,782,1,10
7.83,0.999712,0.0239793,1.02369,783,1,10
7.84,0.999902,0.0139812,1.01388,784,1,10
7.85,0.999992,0.00398162,1.00397,785,1,10
7.86,0.999982,-0.00601833,0.993964,786,1,10
7.87,0.999872,-0.0160177,0.983854,787,1,10
7.88,0.999662,-0.0260154,0.973646,788,1,10
7.89,0.999351,-0.0360106,0.963341,789,1,10
7.9,0.998941,-0.0460021,0.952939,790,1,10
7.91,0.998431,-0.0559891,0.942442,791,1,10
7.92,0.997822,-0.0659704,0.931851,792,1,10
7.93,0.997112,-0.0759452,0.921167,793,1,10
7.94,0.996303,-0.0859123,0.91039,794,1,10
7.95,0.995394,-0.0958709,0.899523,795,1,10
7.96,0.994385,-0.10582,0.888565,796,1,10
7.97,0.993277,-0.115758,0.877519,797,1,10
7.98,0.99207,-0.125685,0.866385,798,1,10
7.99,0.990764,-0.135599,0.855164,799,1,10
8,0.989358,-0.1455,0.843858,800,1,10
8.01,0.987854,-0.155386,0.832468,801,1,10
8.02,0.986251,-0.165257,0.820994,802,1,10
8.03,0.984549,-0.175111,0.809438,803,1,10
8.04,0.982748,-0.184947,0.797801,804,1,10
8.05,0.98085,-0.194765,0.786084,805,1,10
8.06,0.978853,-0.204564,0.774289,806,1,10
8.07,0.976759,-0.214342,0.762416,807,1,10
8.08,0.974566,-0.224099,0.750467,808,1,10
8.09,0.972277,-0.233833,0.738443,809,1,10
8.1,0.96989,-0.243544,0.726346,810,1,10
8.11,0.967406,-0.253231,0.714175,811,1,10
8.12,0.964825,-0.262892,0.701933,812,1,10
8.13,0.962148,-0.272527,0.689621,813,1,10
8.14,0.959375,-0.282135,0.67724,814,1,10
8.15,0.956506,-0.291714,0.664791,815,1,10
8.16,0.953541,-0.301264,0.652276,816,1,10
8.17,0.95048,-0.310785,0.639696,817,1,10
8.18,0.947325,-0.320274,0.627051,818,1,10
8.19,0.944075,-0.329731,0.614344,819,1,10
8.2,0.940731,-0.339155,0.601576,820,1,10
8.21,0.937292,-0.348545,0.588747,821,1,10
8.22,0.93376,-0.3579,0.575859,822,1,10
8.23,0.930134,-0.36722,0.562914,823,1,10
8.24,0.926415,-0.376503,0.549913,824,1,10
8.25,0.922604,-0.385748,0.536856,825,1,10
8.26,0.918701,-0.394955,0.523746,826,1,10
8.27,0.914705,-0.404122,0.510584,827,1,10
8.28,0.910618,-0.413248,0.49737,828,1,10
8.29,0.90644,-0.422334,0.484107,829,1,10
8.3,0.902172,-0.431377,0.470795,830,1,10
8.31,0.897813,-0.440377,0.457436,831,1,10
8.32,0.893364,-0.449333,0.444032,832,1,10
8.33,0.888827,-0.458244,0.430583,833,1,10
8.34,0.8842,-0.467109,0.417091,834,1,10
8.35,0.879484,-0.475928,0.403557,835,1,10
8.36,0.874681,-0.484698,0.389983,836,1,10
8.37,0.869791,-0.493421,0.37637,837,1,10
8.38,0.864813,-0.502094,0.362719,838,1,10
8.39,0.859749,-0.510717,0.349032,839,1,10
8.4,0.854599,-0.519289,0.33531,840,1,10
8.41,0.849363,-0.527809,0.321555,841,1,10
8.42,0.844043,-0.536276,0.307767,842,1,10
8.43,0.838638,-0.544689,0.293949,843,1,10
8.44,0.833149,-0.553048,0.280101,844,1,10
8.45,0.827577,-0.561352,0.266225,845,1,10
8.46,0.821922,-0.569599,0.252323,846,1,10
8.47,0.816185,-0.57779,0.238395,847,1,10
8.48,0.810367,-0.585923,0.224444,848,1,10
8.49,0.804467,-0.593997,0.21047,849,1,10
8.5,0.798487,-0.602012,0.196475,850,1,10
8.51,0.792427,-0.609967,0.182461,851,1,10
8.52,0.786288,-0.61786,0.168428,852,1,10
8.53,0.78007,-0.625692,0.154378,853,1,10
8.54,0.773774,-0.633461,0.140313,854,1,10
8.55,0.767401,-0.641167,0.126234,855,1,10
8.56,0.760951,-0.648809,0.112142,856,1,10
8.57,0.754425,-0.656386,0.0980392,857,1,10
8.58,0.747824,-0.663897,0.0839264,858,1,10
8.59,0.741147,-0.671342,0.0698052,859,1,10
8.6,0.734397,-0.67872,0.0556771,860,1,10
8.61,0.727573,-0.68603,0.0415433,861,1,10
8.62,0.720677,-0.693271,0.0274055,862,1,10
8.63,0.713708,-0.700443,0.0132648,863,1,10
8.64,0.706668,-0.707545,-0.000877099,864,1,10
8.65,0.699557,-0.714576,-0.015019,865,1,10
8.66,0.692377,-0.721536,-0.0291593,866,1,10
8.67,0.685127,-0.728424,-0.0432967,867,1,10
8.68,0.677809,-0.735238,-0.0574298,868,1,10
8.69,0.670422,-0.74198,-0.0715572,869,1,10
8.7,0.662969,-0.748647,-0.0856774,870,1,10
8.71,0.65545,-0.755239,-0.0997891,871,1,10
8.72,0.647865,-0.761755,-0.113891,872,1,10
8.73,0.640215,-0.768196,-0.127981,873,1,10
8.74,0.632501,-0.77456,-0.142058,874,1,10
8.75,0.624724,-0.780846,-0.156122,875,1,10
8.76,0.616884,-0.787054,-0.170169,876,1,10
8.77,0.608983,-0.793183,-0.1842,877,1,10
8.78,0.601021,-0.799233,-0.198212,878,1,10
8.79,0.592999,-0.805203,-0.212205,879,1,10
8.8,0.584917,-0.811093,-0.226176,880,1,10
8.81,0.576777,-0.816902,-0.240124,881,1,10
8.82,0.568579,-0.822628,-0.254049,882,1,10
8.83,0.560325,-0.828273,-0.267948,883,1,10
8.84,0.552014,-0.833835,-0.28182,884,1,10
8.85,0.543648,-0.839313,-0.295665,885,1,10
8.86,0.535228,-0.844707,-0.309479,886,1,10
8.87,0.526755,-0.850017,-0.323263,887,1,10
8.88,0.518228,-0.855242,-0.337014,888,1,10
8.89,0.50965,-0.860382,-0.350732,889,1,10
8.9,0.501021,-0.865435,-0.364414,890,1,10
8.91,0.492342,-0.870402,-0.37806,891,1,10
8.92,0.483613,-0.875282,-0.391669,892,1,10
8.93,0.474836,-0.880074,-0.405238,893,1,10
8.94,0.466012,-0.884778,-0.418767,894,1,10
8.95,0.457141,-0.889394,-0.432253,895,1,10
8.96,0.448224,-0.893921,-0.445697,896,1,10
8.97,0.439263,-0.898359,-0.459096,897,1,10
8.98,0.430257,-0.902706,-0.472449,898,1,10
8.99,0.421209,-0.906964,-0.485755,899,1,10
9,0.412118,-0.91113,-0.499012,900,1,10
9.01,0.402987,-0.915206,-0.512219,901,1,10
9.02,0.393815,-0.91919,-0.525375,902,1,10
9.03,0.384603,-0.923082,-0.538479,903,1,10
9.04,0.375353,-0.926882,-0.551528,904,1,10
9.05,0.366066,-0.930589,-0.564523,905,1,10
9.06,0.356742,-0.934203,-0.577461,906,1,10
9.07,0.347382,-0.937724,-0.590341,907,1,10
9.08,0.337988,-0.941151,-0.603163,908,1,10
9.09,0.328559,-0.944483,-0.615924,909,1,10
9.1,0.319098,-0.947722,-0.628623,910,1,10
9.11,0.309605,-0.950865,-0.64126,911,1,10
9.12,0.300081,-0.953914,-0.653832,912,1,10
9.13,0.290527,-0.956867,-0.666339,913,1,10
9.14,0.280944,-0.959724,-0.67878,914,1,10
9.15,0.271333,-0.962485,-0.691152,915,1,10
9.16,0.261695,-0.965151,-0.703456,916,1,10
9.17,0.252031,-0.967719,-0.715689,917,1,10
9.18,0.242341,-0.970191,-0.72785,918,1,10
9.19,0.232627,-0.972566,-0.739939,919,1,10
9.2,0.22289,-0.974844,-0.751954,920,1,10
9.21,0.21313,-0.977024,-0.763893,921,1,10
9.22,0.20335,-0.979106,-0.775756,922,1,10
9.23,0.193549,-0.981091,-0.787542,923,1,10
9.24,0.183728,-0.982977,-0.799249,924,1,10
9.25,0.173889,-0.984765,-0.810876,925,1,10
9.26,0.164033,-0.986455,-0.822421,926,1,10
9.27,0.154161,-0.988046,-0.833885,927,1,10
9.28,0.144273,-0.989538,-0.845265,928,1,10
9.29,0.13437,-0.990931,-0.856561,929,1,10
9.3,0.124454,-0.992225,-0.867771,930,1,10
9.31,0.114526,-0.99342,-0.878894,931,1,10
9.32,0.104586,-0.994516,-0.889929,932,1,10
9.33,0.0946361,-0.995512,-0.900876,933,1,10
9.34,0.0846764,-0.996409,-0.911732,934,1,10
9.35,0.0747083,-0.997205,-0.922497,935,1,10
9.36,0.0647327,-0.997903,-0.93317,936,1,10
9.37,0.0547506,-0.9985,-0.943749,937,1,10
9.38,0.044763,-0.998998,-0.954235,938,1,10
9.39,0.034771,-0.999395,-0.964624,939,1,10
9.4,0.0247754,-0.999693,-0.974918,940,1,10
9.41,0.0147774,-0.999891,-0.985113,941,1,10
9.42,0.00477794,-0.999989,-0.995211,942,1,10
9.43,-0.00522202,-0.999986,-1.00521,943,1,10
9.44,-0.0152215,-0.999884,-1.01511,944,1,10
9.45,-0.0252194,-0.999682,-1.0249,945,1,10
9.46,-0.0352148,-0.99938,-1.03459,946,1,10
9.47,-0.0452066,-0.998978,-1.04418,947,1,10
9.48,-0.055194,-0.998476,-1.05367,948,1,10
9.49,-0.0651758,-0.997874,-1.06305,949,1,10
9.5,-0.0751511,-0.997172,-1.07232,950,1,10
9.51,-0.0851189,-0.996371,-1.08149,951,1,10
9.52,-0.0950782,-0.99547,-1.09055,952,1,10
9.53,-0.105028,-0.994469,-1.0995,953,1,10
9.54,-0.114967,-0.993369,-1.10834,954,1,10
9.55,-0.124895,-0.99217,-1.11706,955,1,10
9.56,-0.13481,-0.990871,-1.12568,956,1,10
9.57,-0.144712,-0.989474,-1.13419,957,1,10
9.58,-0.154599,-0.987977,-1.14258,958,1,10
9.59,-0.164471,-0.986382,-1.15085,959,1,10
9.6,-0.174327,-0.984688,-1.15901,960,1,10
9.61,-0.184165,-0.982895,-1.16706,961,1,10
9.62,-0.193984,-0.981005,-1.17499,962,1,10
9.63,-0.203785,-0.979016,-1.1828,963,1,10
9.64,-0.213564,-0.976929,-1.19049,964,1,10
9.65,-0.223323,-0.974745,-1.19807,965,1,10
9.66,-0.233059,-0.972463,-1.20552,966,1,10
9.67,-0.242772,-0.970083,-1.21286,967,1,10
9.68,-0.25246,-0.967607,-1.22007,968,1,10
9.69,-0.262124,-0.965034,-1.22716,969,1,10
9.7,-0.271761,-0.962365,-1.23413,970,1,10
9.71,-0.281371,-0.959599,-1.24097,971,1,10
9.72,-0.290952,-0.956738,-1.24769,972,1,10
9.73,-0.300505,-0.95378,-1.25429,973,1,10
9.74,-0.310028,-0.950728,-1.26076,974,1,10
9.75,-0.319519,-0.94758,-1.2671,975,1,10
9.76,-0.328979,-0.944337,-1.27332,976,1,10
9.77,-0.338406,-0.941,-1.27941,977,1,10
9.78,-0.347799,-0.937569,-1.28537,978,1,10
9.79,-0.357157,-0.934044,-1.2912,979,1,10
9.8,-0.366479,-0.930426,-1.29691,980,1,10
9.81,-0.375765,-0.926715,-1.30248,981,1,10
9.82,-0.385013,-0.922911,-1.30792,982,1,10
9.83,-0.394223,-0.919015,-1.31324,983,1,10
9.84,-0.403393,-0.915027,-1.31842,984,1,10
9.85,-0.412523,-0.910947,-1.32347,985,1,10
9.86,-0.421612,-0.906776,-1.32839,986,1,10
9.87,-0.430658,-0.902515,-1.33317,987,1,10
9.88,-0.439662,-0.898163,-1.33783,988,1,10
9.89,-0.448621,-0.893722,-1.34234,989,1,10
9.9,-0.457536,-0.889191,-1.34673,990,1,10
9.91,-0.466405,-0.884571,-1.35098,991,1,10
9.92,-0.475227,-0.879863,-1.35509,992,1,10
9.93,-0.484002,-0.875067,-1.35907,993,1,10
9.94,-0.492728,-0.870183,-1.36291,994,1,10
9.95,-0.501405,-0.865213,-1.36662,995,1,10
9.96,-0.510032,-0.860155,-1.37019,996,1,10
9.97,-0.518608,-0.855012,-1.37362,997,1,10
9.98,-0.527132,-0.849783,-1.37692,998,1,10
9.99,-0.535603,-0.84447,-1.38007,999,1,10
